trans_x	trans_y	trans_z	rot_x	rot_y	rot_z	framewise_displacement	a_comp_cor_00	a_comp_cor_01	a_comp_cor_02	a_comp_cor_03	a_comp_cor_04	a_comp_cor_05	csf	white_matter
1.342200000000000511e-02	-2.358110000000000206e-01	3.324309999999999765e-02	-9.000100000000000244e-04	-9.976859999999999651e-24	1.521200000000000004e-04	0.000000000000000000e+00	-4.428143699999999988e-02	-2.582679344000000099e-01	1.252549094999999835e-01	-2.068012999999999948e-04	1.088155152999999986e-01	-1.459416278000000011e-01	8.185501409950779816e+02	8.750699425992128226e+02
3.094309999999999769e-02	-2.386510000000000298e-01	8.804779999999998163e-02	-1.746999999999999855e-03	-1.329769999999999975e-04	1.542570000000000106e-04	1.242710000000000203e-01	-2.913664070000000078e-02	-2.694492316000000054e-01	1.449186326000000136e-01	-3.745670350000000065e-02	1.300962964000000055e-01	-1.234052055000000037e-01	8.156435442911072187e+02	8.738862438606176966e+02
1.275849999999999901e-02	-2.302840000000000165e-01	9.742850000000000121e-02	-1.643699999999999458e-03	-0.000000000000000000e+00	2.502599999999999790e-04	5.254630000000001105e-02	-1.627856969999999862e-02	-2.663620239000000223e-01	1.245849519000000044e-01	-2.933358880000000099e-02	1.695942340999999909e-01	-8.529105210000001436e-02	8.207699094746940318e+02	8.729970926176197281e+02
1.001409999999999974e-02	-2.135170000000000123e-01	1.431859999999999800e-01	-1.454620000000000002e-03	9.294129999999999731e-05	6.652010000000000301e-04	1.001170150000000036e-01	-1.347971610000000056e-02	-2.773905561000000186e-01	1.147608095000000050e-01	-2.443139819999999920e-02	1.616474403000000004e-01	-8.473021399999999814e-02	8.168157666223378328e+02	8.729131695661847061e+02
5.944420000000000259e-02	-2.594510000000000427e-01	8.398210000000000397e-02	-3.778140000000000252e-04	3.686369999999999469e-04	1.661420000000000041e-03	2.720040349999999774e-01	-4.731526100000000255e-03	-2.578487053999999890e-01	9.433859579999999412e-02	-6.717224599999999275e-03	2.771853798000000202e-01	-3.514979990000000054e-02	8.182875889267564844e+02	8.720198392667554117e+02
3.173889999999999767e-01	-1.671700000000000130e-01	1.671470000000000011e+00	-1.093979999999999952e-02	-2.685889999999999805e-03	1.227299999999999962e-03	2.640245349999999824e+00	2.228912876999999959e-01	-3.572020937000000007e-01	-7.333736554999999990e-01	6.013356250000000125e-02	-2.543524004000000116e-01	-4.251589709999999828e-02	8.105342610756327986e+02	8.562469405504937185e+02
1.525040000000000007e-01	5.955449999999999633e-02	1.779609999999999914e+00	2.358129999999999948e-02	-1.889580000000000079e-02	-5.704899999999999728e-03	3.382909999999999862e+00	3.520774724999999883e-01	-4.090770030000000224e-02	-6.589260099999999509e-02	1.130989404999999948e-01	-1.871429978999999966e-01	-8.074703369999999825e-02	7.884852115864219968e+02	8.446057609540824842e+02
1.168930000000000025e+00	-1.545850000000000002e-01	4.923379999999999979e-01	1.045489999999999961e-02	-1.208210000000000013e-02	2.937379999999999852e-02	5.268777500000000558e+00	3.694945477000000089e-01	3.428976778000000225e-01	-5.687794200000000425e-03	-1.121934477000000041e-01	2.416690660999999962e-01	1.692891096999999956e-01	7.749160282024568005e+02	8.433167120019840013e+02
-1.451099999999999612e-01	-3.158659999999999801e-01	-5.798339999999999606e-01	-1.546490000000000017e-02	8.510820000000000538e-03	3.040010000000000108e-03	6.189818499999999446e+00	1.827307874000000110e-01	4.552631773999999965e-01	-1.929991427999999953e-01	-1.176678723999999981e-01	1.132722000000000034e-01	-2.309977022999999963e-01	7.928749446256387046e+02	8.574986059432386583e+02
-5.137430000000000607e-01	-1.284039999999999904e-01	-2.023890000000000189e+00	-7.249450000000000165e-03	1.039020000000000048e-02	-7.313299999999999142e-03	3.022558000000000078e+00	8.212163579999999519e-02	1.564048338000000038e-01	-6.085803230000000341e-02	-1.797035552000000036e-01	1.577241819999999906e-01	2.337016249999999962e-02	8.064453481501836904e+02	8.652388643091007907e+02
6.458949999999999761e-03	-2.987579999999999680e-01	-5.617010000000000058e-02	-2.267560000000000062e-03	-7.537209999999997315e-04	-9.825599999999999438e-04	3.781103400000000114e+00	-2.067198010000000086e-02	1.012633894000000007e-01	8.787765140000000641e-02	-1.063729057000000061e-01	3.410868000000000233e-02	-1.447873712999999951e-01	8.335466670132478839e+02	8.707016508939005917e+02
-1.032129999999999853e-02	-6.151069999999999802e-03	-6.920599999999998975e-02	-6.773809999999999901e-03	-3.343949999999999722e-05	-2.398389999999999810e-03	6.545411549999999856e-01	2.058595259999999871e-02	1.405579426999999937e-01	5.603180249999999835e-02	2.940158959999999988e-02	-9.037066370000000626e-02	-1.333692994999999826e-01	7.895513926091119856e+02	8.697228778861517640e+02
1.432760000000000110e-02	-1.008389999999999981e-01	-3.173009999999999980e-03	3.409400000000000256e-05	-1.053070000000000405e-04	7.515479999999999947e-04	6.868552949999999768e-01	-3.902711460000000271e-02	6.497059580000000278e-02	6.629357469999999641e-02	1.540401790000000062e-02	-1.149140663000000062e-01	-6.566939699999999741e-03	8.140070030084641530e+02	8.733877204197264064e+02
-5.191610000000000148e-03	-8.681229999999998115e-02	-1.607810000000000072e-01	3.486009999999999782e-04	-4.659669999999999654e-04	6.250300000000000517e-04	2.312381500000000034e-01	-5.976537030000000222e-02	8.595059640000000944e-02	6.379980139999999467e-02	-1.141729369999999917e-02	-1.194920581000000065e-01	-9.429946140000000643e-02	8.286533486803343749e+02	8.740046251319037083e+02
1.729230000000000003e-02	-7.335579999999999878e-02	1.373089999999999866e-01	-1.526709999999999916e-03	-9.976670000000000416e-04	-3.453010000000000064e-04	5.028975099999999365e-01	-8.484898050000000413e-02	5.270418070000000565e-02	2.814303320000000053e-02	-5.277111800000000401e-03	-4.847856400000000177e-02	1.287848617000000029e-01	8.260820687919683678e+02	8.763078171057331929e+02
-1.807519999999999960e-02	-1.665890000000000426e-02	1.577659999999999618e-01	-2.067470000000000072e-03	-1.008830000000000057e-03	-9.973980000000000345e-04	1.727223999999999982e-01	-8.983902829999999839e-02	3.244815599999999883e-02	-3.455928699999999843e-03	4.541526349999999712e-02	-5.924344240000001260e-02	1.275230742999999833e-01	8.250691302672904612e+02	8.768522721759517253e+02
3.942840000000000407e-03	1.626029999999999837e-02	1.874270000000000103e-01	-2.385280000000000039e-03	-1.214559999999999945e-03	-9.973980000000000345e-04	1.107752399999999970e-01	-6.469541659999999972e-02	1.787511620000000259e-02	2.915319410000000167e-02	8.483346849999999495e-02	-8.705518839999999703e-02	1.386433138000000009e-01	8.219897172885227974e+02	8.746292800941906762e+02
1.057549999999999983e-02	-4.620269999999999933e-02	1.876410000000000022e-01	-2.058550000000000137e-03	-1.625410000000000093e-03	-7.332810000000000153e-04	1.193945100000000231e-01	9.906896000000000972e-04	3.716681410000000074e-02	6.929252519999999638e-02	1.010017941000000002e-01	-7.143706700000000687e-02	1.727194112999999864e-01	8.150553256099457258e+02	8.693869197404573015e+02
-1.627400000000000027e-02	8.506369999999999210e-02	1.810289999999999955e-01	-2.836459999999999849e-03	-1.551889999999999997e-03	-8.125409999999997409e-04	2.112623999999999891e-01	-2.027699989999999855e-02	3.227208689999999658e-02	1.067423309000000015e-01	9.371354240000000224e-02	-5.712813779999999925e-02	1.425013049999999948e-01	8.113454327172195235e+02	8.710265155443394178e+02
-1.628459999999999977e-02	-8.023399999999999976e-02	2.187650000000000150e-01	-2.706889999999999991e-03	-1.551889999999999997e-03	-9.973989999999999419e-04	2.187657000000000074e-01	-2.574848789999999860e-02	2.348953780000000158e-02	6.746016889999999211e-02	9.354364269999999870e-02	-2.452911110000000061e-02	1.577879674000000065e-01	8.190091356966895546e+02	8.710757904188125167e+02
-2.052350000000000094e-03	-6.897089999999999818e-03	-1.412460000000000104e-02	-5.069599999999999844e-04	-8.636139999999996905e-05	-1.690879999999999911e-04	5.451472399999999219e-01	-2.539361669999999974e-02	3.341536720000000404e-02	8.547714010000000140e-02	1.120366477999999999e-01	-1.026673641999999997e-01	1.423489900000000051e-02	8.211498168823836750e+02	8.702835173021882156e+02
8.308110000000000495e-02	6.958229999999999971e-02	5.431759999999999367e-02	-8.720979999999997536e-04	-1.554840000000000041e-03	-8.904389999999998953e-05	3.257380750000000158e-01	-6.755210099999998941e-02	9.108508799999999461e-02	-6.749341699999999999e-02	1.415961364000000167e-01	-4.382666610000000157e-02	1.471553198000000173e-01	8.187636655964802230e+02	8.741462191620972817e+02
-2.041420000000000040e-02	6.606239999999999335e-02	9.369310000000000138e-02	2.515010000000000032e-04	7.321699999999997611e-04	-8.904389999999998953e-05	3.169211499999999848e-01	-3.217318247000000020e-01	1.313331584999999913e-01	-1.273216155000000127e-01	-3.699171939999999770e-02	3.108195689999999900e-02	2.133858660000000074e-02	8.529017570249234268e+02	8.931622936179657017e+02
-6.506670000000001897e-02	-1.063339999999999980e-01	-1.021400000000000086e-02	-2.598100000000000214e-04	-1.728890000000000071e-03	-5.234169999999999795e-04	4.912932050000000106e-01	-3.543697904999999482e-01	8.010743450000000487e-02	-1.633569632000000105e-01	-2.423347490000000298e-02	3.757549220000000467e-02	1.095689409999999961e-02	8.626900575188133189e+02	8.955084158987759793e+02
-4.341619999999999507e-02	5.394600000000000090e-02	1.586329999999999685e-02	-9.364749999999999810e-04	-1.602349999999999998e-03	-1.124130000000000094e-03	2.782037000000000537e-01	-2.969470012000000048e-01	7.184856400000000365e-02	-1.339074766999999999e-01	2.152709120000000087e-02	-3.977478000000000003e-04	1.439958009999999997e-02	8.516196111196724132e+02	8.911460508553121826e+02
-2.381480000000000055e-02	7.570760000000000163e-03	1.055859999999999958e-02	-1.385420000000000054e-03	-5.671259999999999366e-04	-9.995189999999999284e-04	1.517203400000000091e-01	-3.117023418000000046e-01	7.555158400000000496e-02	-1.225966861000000047e-01	-8.546615380000001372e-02	4.245008349999999930e-02	-3.662960860000000207e-02	8.527526780304898466e+02	8.918671660383300832e+02
-5.832630000000000453e-02	7.442279999999999902e-03	4.721040000000000653e-02	-1.998320000000000044e-03	1.139220000000000114e-04	-1.124130000000000094e-03	1.422197299999999887e-01	-2.853250164999999727e-01	2.298586960000000012e-02	-1.137044405000000036e-01	-2.380272060000000051e-02	-1.098087189999999956e-02	-3.726286320000000291e-02	8.505183787857913558e+02	8.894800130216436855e+02
-5.334760000000000196e-02	7.196529999999999594e-03	1.629649999999999987e-01	-2.546360000000000116e-03	-4.445880000000000470e-04	-2.129419999999999924e-03	2.265710499999999961e-01	-7.404036000000000341e-04	-2.570837969999999889e-02	-1.458269200000000170e-03	2.017466390000000054e-02	-5.189677069999999726e-02	1.033633131000000066e-01	8.230895076380826367e+02	8.669890911341592528e+02
1.196139999999999877e-02	1.385609999999999897e-01	9.671480000000000354e-02	-8.763780000000000311e-04	7.406569999999999257e-04	1.983920000000000074e-04	5.220756199999999625e-01	5.198293159999999719e-02	2.025503329999999921e-02	7.870119579999999837e-02	5.411827480000000468e-02	-8.606882939999999094e-02	1.711474560000000172e-02	8.095117832700611871e+02	8.631117625767387835e+02
3.550579999999999795e-03	-7.748599999999998718e-03	9.651579999999999881e-02	-4.537859999999999680e-04	1.311069999999999900e-03	2.489750000000000209e-04	2.070988199999999890e-01	6.169313570000001246e-02	1.923859519999999990e-02	5.565716839999999832e-02	8.411249000000000850e-03	-6.488160190000000216e-02	7.152551800000000320e-03	8.093954262275308338e+02	8.616635675574329980e+02
1.605610000000000023e-02	3.533019999999999997e-03	1.012020000000000003e-01	-7.694160000000000886e-04	1.147639999999999902e-03	2.963129999999999801e-04	5.479323999999999306e-02	7.032846870000000750e-02	-8.374544100000000726e-03	6.761817409999999751e-02	-1.258876110000000173e-02	-6.319352129999999956e-02	1.421876170000000057e-02	8.043655630715907137e+02	8.609612961197807408e+02
2.684440000000000090e-02	-5.865239999999999863e-03	1.433660000000000212e-01	-6.643870000000000071e-04	7.809460000000000273e-04	3.987930000000000424e-04	9.106071000000000304e-02	6.632900040000000441e-02	3.280618099999999936e-03	8.659798539999999378e-02	2.267795839999999993e-02	-5.492762620000000290e-02	4.008256699999999777e-03	8.045947276567840163e+02	8.611618908285068983e+02
8.092979999999997884e-03	4.297000000000000125e-02	1.383479999999999988e-01	-8.973189999999999378e-04	8.391019999999999902e-04	4.344899999999999956e-04	8.894391000000001490e-02	6.574561059999999013e-02	1.492049309999999955e-02	9.779095819999999994e-02	4.341988520000000101e-02	-4.965394360000000007e-02	-4.574618699999999719e-03	8.013735565270593497e+02	8.610523615585717607e+02
-7.024670000000000220e-03	4.978060000000000124e-02	1.383439999999999948e-01	6.179510000000000742e-05	6.194500000000000136e-04	4.042680000000000535e-04	8.238165499999999808e-02	5.779784119999999831e-02	1.104760599999999975e-02	9.220966009999999324e-02	2.193089100000000097e-03	-4.379127060000000127e-02	-3.637158409999999981e-02	8.040008519602087063e+02	8.614730405755651645e+02
7.885780000000000220e-03	2.466579999999999814e-02	1.383640000000000148e-01	-3.168839999999999971e-05	9.878230000000000864e-04	5.216040000000000563e-04	6.900487499999999330e-02	7.607820460000000451e-02	3.597418900000000103e-03	6.765408080000000213e-02	-1.209545700000000043e-03	-4.181458009999999836e-02	9.078194300000000036e-03	8.004971628254077132e+02	8.599811934122583352e+02
1.612380000000000063e-02	2.901120000000000088e-02	1.426960000000000173e-01	-5.119299999999999589e-04	7.467399999999997521e-04	5.298399999999999551e-04	5.339345000000001590e-02	6.492486679999999455e-02	-1.372480369999999963e-02	4.325620069999999706e-02	-6.188604050000000301e-02	-3.789712189999999703e-02	2.225471379999999916e-02	8.068839332275572360e+02	8.604225017714556998e+02
6.195599999999999892e-03	7.790329999999999824e-03	1.383459999999999968e-01	-4.352869999999999678e-04	8.597480000000000226e-04	6.009760000000000275e-04	4.853841999999999879e-02	5.364368700000000240e-02	-8.138594699999999668e-03	2.982510899999999895e-02	-2.206915209999999947e-02	-3.263089660000000058e-02	7.313754100000000036e-03	8.049510087059807120e+02	8.614355430419453796e+02
9.516300000000000106e-03	1.126920000000000005e-01	1.593890000000000029e-01	-1.006940000000000005e-03	9.843980000000000438e-04	4.505050000000000244e-04	1.716040699999999419e-01	3.159498079999999848e-02	-1.195041900000000075e-03	3.096032140000000085e-02	1.034476909999999979e-02	-4.758408599999999766e-03	1.786372519999999964e-02	8.049421349563122021e+02	8.631184110756075825e+02
-1.567489999999999942e-03	1.788340000000000068e-02	1.548259999999999914e-01	-6.581420000000000152e-04	8.763199999999999852e-04	6.304729999999999926e-04	1.422975900000000016e-01	6.035866329999999697e-02	-1.198732880000000049e-02	2.699270289999999850e-02	-2.642030180000000048e-02	-1.140057139999999837e-02	3.729280110000000176e-02	8.034607733709997319e+02	8.602116493787606260e+02
-8.627030000000000809e-03	4.562240000000000045e-02	1.382430000000000048e-01	-7.049330000000000353e-04	1.336029999999999987e-03	6.318319999999999232e-04	7.677454000000000223e-02	4.881798269999999829e-02	-6.209462500000000398e-03	3.400746329999999873e-02	-2.011096500000000148e-03	-9.669500600000000348e-03	1.258772309999999992e-02	8.037514995945191458e+02	8.612218792840143351e+02
1.134120000000000093e-02	7.612199999999998135e-02	1.644339999999999968e-01	-1.240189999999999956e-03	1.923830000000000071e-03	7.966360000000000888e-04	1.410518799999999906e-01	3.960026369999999907e-02	-1.260476290000000013e-02	3.874662890000000331e-02	-2.129014399999999956e-03	1.412022600000000178e-03	2.414049139999999843e-02	8.020497362518113960e+02	8.618678094426813914e+02
-8.701230000000000769e-03	3.728590000000000376e-02	1.092739999999999961e-01	-4.117419999999999891e-04	-6.177409999999999932e-04	-1.771320000000000110e-04	3.312278800000000301e-01	3.036773470000000627e-02	-1.381978340000000055e-02	2.427208000000000089e-04	-2.096532640000000128e-02	-3.967219900000000000e-03	2.352995570000000064e-02	8.047084225744137029e+02	8.625143854555245753e+02
5.934329999999999813e-03	2.998500000000000124e-02	6.226580000000000309e-02	-1.499170000000000082e-04	-3.605059999999999667e-04	-2.513150000000000019e-04	9.860681000000000307e-02	4.043627589999999883e-02	-2.276984140000000087e-02	1.267509659999999962e-02	-2.467284159999999851e-02	-2.858416869999999901e-02	1.794874800000000395e-03	8.006060881025907747e+02	8.615126276374010104e+02
1.402640000000000137e-02	2.915090000000000042e-02	6.685720000000001939e-02	8.879850000000000709e-05	-5.655330000000000079e-04	-2.513159999999999635e-04	3.570474500000000301e-02	3.449145289999999697e-02	-2.761572840000000098e-02	1.013531160000000035e-02	1.201664939999999918e-02	-7.803027899999999580e-03	-1.668678590000000073e-02	8.033073684236027248e+02	8.614562483669936910e+02
-1.590010000000000034e-02	7.198319999999999719e-02	9.239319999999999478e-02	-3.393609999999999921e-04	-3.145740000000000276e-04	-2.513159999999999635e-04	1.322507250000000134e-01	2.513125440000000058e-02	-2.927981199999999881e-02	4.097903699999999767e-03	5.325055899999999419e-03	4.222549500000000525e-03	-2.414363229999999874e-02	8.040884802381867758e+02	8.624540550772182996e+02
-1.618640000000000009e-02	7.195999999999999619e-02	9.841289999999998372e-02	-6.439380000000000407e-04	-9.674840000000000360e-05	-2.513159999999999635e-04	3.244933000000000539e-02	3.657785200000000098e-02	-3.196851810000000266e-02	8.069196100000000302e-03	-2.297465100000000305e-03	1.003274520000000010e-02	1.383303320000000072e-02	8.028370596911635175e+02	8.609810136678543131e+02
3.400030000000000066e-03	6.542299999999999505e-02	1.008249999999999980e-01	-6.576649999999999857e-04	-6.945070000000000236e-05	-2.513159999999999635e-04	3.058676499999999840e-02	3.061200960000000013e-02	-2.194502220000000073e-02	4.480921900000000430e-03	2.785860499999999983e-03	2.480878299999999832e-03	-4.834473300000000258e-03	8.041753320630687085e+02	8.611334732447708120e+02
-1.144799999999999984e-02	9.223339999999999317e-02	1.092180000000000095e-01	-4.834769999999999519e-04	2.586760000000000014e-04	-2.513159999999999635e-04	7.516716499999999412e-02	3.007223389999999844e-02	-3.579855989999999877e-02	2.417518870000000264e-02	1.037996499999999968e-03	9.849125999999999714e-03	-8.540213700000000296e-03	8.037953137335083511e+02	8.609645253906599009e+02
7.350340000000000346e-03	1.016240000000000060e-01	1.532179999999999931e-01	-8.804009999999998400e-04	6.859099999999999702e-04	-7.078320000000000358e-05	1.224234800000000012e-01	1.550294479999999968e-02	-3.534953560000000244e-02	1.969766120000000093e-02	2.175260700000000279e-03	1.610022499999999926e-02	-1.021149680000000073e-02	8.049617681274540928e+02	8.622193060800176454e+02
1.139370000000000140e-02	6.609349999999999947e-02	9.286900000000000710e-02	-6.036309999999999809e-04	7.903559999999996543e-04	1.321410000000000076e-04	1.291298700000000077e-01	4.013489110000000026e-02	-4.651863550000000236e-02	-1.465498689999999993e-02	-2.544169010000000078e-02	6.812549000000000425e-04	1.576898100000000136e-02	8.019515703961017152e+02	8.600760959846822971e+02
3.910119999999999568e-02	5.299159999999999288e-02	6.058659999999999740e-02	-5.787980000000000512e-04	2.586770000000000172e-04	2.958309999999999803e-04	1.091019000000000017e-01	2.589509970000000369e-02	-5.554231180000000073e-02	-1.368556400000000076e-03	-4.539280100000000345e-02	-1.977960230000000083e-02	7.799417500000000066e-03	8.033946639359683104e+02	8.611805446167616083e+02
2.301719999999999808e-02	5.300090000000000356e-02	4.519739999999999869e-02	-4.654050000000000071e-04	6.586250000000000307e-04	4.130259999999999856e-04	6.300929999999999032e-02	2.478628300000000183e-03	-3.803676100000000226e-02	-1.392250440000000061e-02	-4.008230439999999756e-02	-5.314216499999999815e-03	-2.628435269999999935e-02	8.042974570428837069e+02	8.627619375619754010e+02
4.405040000000000344e-02	5.303619999999999862e-02	5.819680000000000686e-02	-4.712799999999999737e-04	1.391259999999999958e-04	3.514330000000000080e-04	6.341625000000000734e-02	-8.836061699999999894e-03	-3.321363319999999508e-02	-1.001161459999999961e-02	-3.150130200000000186e-02	1.075085300000000032e-03	-2.652047299999999927e-02	8.056260792120243650e+02	8.635104065689100707e+02
2.508619999999999947e-02	8.007649999999998103e-02	9.523099999999999621e-02	-5.250119999999999397e-04	3.886280000000000339e-05	8.613839999999997610e-04	1.162360100000000007e-01	-1.211065159999999939e-02	-2.149310169999999950e-02	-4.038673799999999842e-03	-3.244268360000000101e-02	5.038046299999999686e-03	-8.259811199999999784e-03	8.056800981631323566e+02	8.635146236167640836e+02
7.344869999999999871e-03	6.516550000000000120e-02	1.028829999999999883e-01	-7.847410000000000409e-04	-1.221399999999999927e-04	7.356619999999999913e-04	6.762701999999999602e-02	1.703241700000000108e-02	-3.233364600000000061e-02	-1.134810510000000029e-02	-7.435867570000000149e-02	-2.944549000000000190e-04	4.172491049999999674e-02	8.007099109737142726e+02	8.607599795740344462e+02
5.148830000000000073e-03	4.913669999999999843e-02	8.743279999999999108e-02	-7.847410000000000409e-04	-2.677040000000000105e-04	8.613839999999997610e-04	4.723933999999999772e-02	9.745461500000000138e-03	-8.886020300000000219e-03	4.615902800000000125e-03	-4.926578770000000079e-02	7.622831800000000324e-03	1.740455699999999932e-03	8.010946989437214825e+02	8.613369553015772908e+02
5.574749999999999844e-03	1.008249999999999980e-01	1.141670000000000046e-01	-1.024450000000000100e-03	-1.480720000000000148e-04	7.683110000000000373e-04	1.014691199999999960e-01	5.945333299999999363e-03	-1.264151980000000064e-02	9.375308799999999138e-03	-3.090139230000000028e-02	1.912923769999999926e-02	1.496419459999999944e-02	8.011318577704593054e+02	8.615691208820744578e+02
5.643719999999999640e-03	9.837639999999998885e-02	1.234700000000000103e-01	-1.124100000000000056e-03	-1.980499999999999893e-04	8.017099999999998576e-04	2.097191999999997031e-02	1.243383030000000042e-02	-1.136202659999999837e-02	-1.192676810000000039e-02	-3.779050710000000229e-02	1.457832000000000051e-02	6.119816899999999671e-02	8.036238285211613857e+02	8.608343287870982294e+02
3.058600000000000207e-02	7.691549999999997000e-02	1.141469999999999985e-01	-1.331949999999999931e-03	-6.346239999999999737e-04	1.075039999999999980e-03	1.016138800000000036e-01	1.370436620000000175e-02	5.158372199999999679e-03	5.793318000000000426e-03	-5.720734310000000211e-02	-5.426432800000000403e-03	3.540187649999999853e-02	8.029437665309292242e+02	8.601499133178363081e+02
1.173570000000000516e-02	1.145319999999999949e-01	1.500080000000000024e-01	-1.702409999999999904e-03	-7.918499999999997589e-04	1.181219999999999970e-03	1.240210999999999952e-01	6.154710999999999342e-03	7.396970400000000244e-03	8.675583599999999937e-03	-3.464871530000000061e-02	1.246466040000000081e-02	5.277020059999999735e-02	8.042936856992744197e+02	8.607725167433299021e+02
-4.072340000000000682e-02	1.430140000000000022e-01	2.136679999999999968e-01	-2.105380000000000012e-03	-1.097979999999999920e-03	1.229819999999999958e-04	2.329679999999999807e-01	2.755481000000000054e-04	1.795891579999999918e-02	-3.715154400000000162e-03	-4.818625840000000105e-02	1.722479479999999841e-02	5.940305419999999947e-02	8.048883378489458664e+02	8.613241142009048872e+02
-5.099719999999999948e-02	3.503119999999999845e-02	-2.075290000000000121e-02	8.386269999999999922e-04	4.192700000000000159e-04	-1.502080000000000038e-03	6.569934499999999788e-01	-1.062056270000000073e-02	-8.013921599999999576e-03	-3.807878499999999694e-02	-8.526909499999998920e-03	-2.314306569999999980e-02	-1.255181640000000050e-02	8.128606254731437275e+02	8.624952377787827800e+02
1.048489999999999978e-01	7.941960000000000686e-02	-7.391999999999999960e-02	-2.191180000000000037e-03	1.010190000000000003e-03	-2.336140000000000005e-03	4.761410500000000101e-01	-4.293199129999999974e-02	-1.695361969999999857e-02	-1.096984701999999950e-01	9.780612240000000068e-02	9.351536000000000570e-03	-2.260062319999999944e-02	8.126957955730482581e+02	8.655498620904706968e+02
-1.042769999999999947e-01	1.751479999999999981e-01	1.218760000000000102e-04	9.348289999999999768e-04	8.559089999999998583e-04	8.360880000000000221e-04	7.015221760000001083e-01	-3.681556259999999720e-02	1.598679090000000233e-02	-2.476331080000000046e-02	5.159019380000000321e-02	3.510582660000000077e-02	-9.561656129999999976e-02	8.090431383656848539e+02	8.645742803621787971e+02
4.753790000000000099e-02	1.072960000000000025e-01	8.814370000000000191e-03	9.309060000000000078e-04	1.481299999999999848e-03	1.099050000000000070e-03	2.729731939999999746e-01	-2.270587019999999873e-02	-1.712177609999999961e-02	-2.177708739999999893e-02	2.295186899999999974e-02	3.755793939999999692e-02	-5.605117090000000246e-02	8.034137424977557203e+02	8.631253635058532154e+02
5.191689999999999890e-04	1.146230000000000027e-01	3.662390000000000090e-02	1.075470000000000028e-03	1.390739999999999902e-03	1.513019999999999903e-03	1.146099609999999963e-01	-2.295248930000000007e-02	2.805209800000000187e-03	-2.054455800000000096e-02	2.948323799999999842e-02	2.303276430000000125e-02	-4.524981620000000093e-02	8.041190946745435895e+02	8.628095788052978605e+02
1.365430000000000116e-02	1.380740000000000023e-01	9.158639999999999837e-02	7.369889999999998517e-04	1.464760000000000064e-03	1.653139999999999991e-03	1.191796809999999956e-01	-3.229726700000000450e-02	7.959915899999999572e-03	-1.718212920000000005e-02	1.553170989999999932e-02	4.059605360000000107e-02	-1.825090689999999891e-02	8.080702426363867517e+02	8.635435350889875963e+02
1.309639999999999936e-02	1.658030000000000059e-01	7.835749999999996884e-02	2.045120000000000098e-04	-3.446309999999999874e-05	-1.095879999999999950e-04	2.312372050000000012e-01	-2.911926109999999832e-02	-5.014746399999999750e-03	-2.125139389999999850e-02	7.329489599999999827e-02	4.360188179999999886e-02	1.749728849999999947e-02	8.045553503926292933e+02	8.636235070325232073e+02
2.609540000000000123e-02	1.279890000000000194e-01	1.307059999999999889e-01	-4.415159999999999788e-04	4.283909999999999715e-04	2.854889999999999902e-04	1.783594550000000556e-01	-9.268268600000000718e-03	-7.711783600000000037e-03	-4.172091559999999838e-02	1.718612060000000025e-02	3.576984329999999962e-02	2.571634869999999892e-02	8.085557476651334810e+02	8.610892132380157591e+02
-1.136739999999999973e-01	-4.720770000000000244e-01	1.951289999999999969e-01	7.174139999999999857e-04	-3.896969999999999926e-04	-1.637610000000000064e-03	9.992642499999999650e-01	8.583756180000000346e-02	-3.607594609999999896e-02	-1.625934428999999959e-01	-4.586523780000000272e-01	3.661258903999999870e-01	3.714866470000000032e-02	7.910152285388287510e+02	8.534895991167945795e+02
1.046059999999999907e-01	1.468470000000000164e+00	4.279550000000000298e-01	-1.100580000000000091e-03	2.003999999999999705e-03	1.945799999999999971e-04	2.693847050000000021e+00	1.556492230000000067e-02	-5.086325640000000092e-02	-4.985809850000000321e-02	-5.150805530000000104e-02	1.627510290999999998e-01	1.465458510000000082e-02	8.016592912663902553e+02	8.593393283357564769e+02
5.409119999999999207e-02	-3.312410000000000077e-01	-1.675659999999999650e-02	2.106429999999999848e-03	-3.500800000000000092e-04	1.436999999999999964e-04	2.575535900000000211e+00	-2.399311250000000020e-02	4.751315160000000454e-02	-3.473434909999999903e-02	-8.759984200000001109e-03	4.553799699999999673e-03	-1.594337821000000044e-01	8.100987818106431178e+02	8.621333314917889084e+02
3.550240000000000340e-02	1.672730000000000050e-01	-1.449940000000000083e-02	2.751659999999999740e-04	-4.784569999999999492e-04	7.131099999999999809e-04	6.458125499999999297e-01	6.500307399999999576e-03	3.601252870000000439e-02	-2.697694590000000031e-02	1.262135443999999884e-01	-6.349058000000000306e-03	-8.948774419999999674e-02	7.946468105907292738e+02	8.606876818977644916e+02
1.647479999999999995e-03	2.558130000000000126e-01	-7.957889999999999409e-02	5.304799999999999490e-04	-2.878540000000000395e-04	7.131099999999999809e-04	2.097702700000000364e-01	2.901177950000000116e-02	2.923458879999999913e-02	-4.287748000000000080e-03	6.836301079999999863e-02	8.709152200000000454e-03	-8.464885859999998763e-02	8.002850802083266899e+02	8.582544072946400320e+02
-1.203779999999999781e-02	1.866510000000000113e-01	-7.956259999999996946e-02	3.632800000000000048e-04	-5.731049999999999686e-04	3.049779999999999657e-04	1.258927299999999805e-01	1.062211239999999966e-02	3.157076410000000249e-02	-2.990745900000000256e-03	1.070544949000000051e-01	-1.560290869999999934e-02	-1.139480778000000055e-01	8.028806519864107258e+02	8.595593746526016048e+02
2.060709999999999972e-02	2.067330000000000001e-01	-1.020159999999999956e-01	2.986909999999999630e-04	-1.026000000000000002e-03	3.049779999999999657e-04	1.010544999999999638e-01	1.279156470000000073e-02	3.566721090000000288e-02	-8.423840800000000420e-03	7.218573620000000302e-02	-3.601492870000000401e-02	-1.027988660999999970e-01	8.018440871032400992e+02	8.593065417384779039e+02
-1.660529999999999905e-03	2.029390000000000083e-01	-1.178910000000000097e-01	2.986909999999999630e-04	-6.483949999999999610e-04	3.049779999999999657e-04	6.081687999999998984e-02	-2.736671699999999787e-03	5.137904709999999847e-02	-1.060989100000000150e-02	9.726506999999999514e-02	-1.554436359999999961e-02	-1.093057228000000047e-01	8.062580011103040079e+02	8.606223746431620611e+02
1.802199999999999983e-02	2.025569999999999871e-01	-1.107089999999999880e-01	2.986909999999999630e-04	-5.973490000000000570e-04	2.395220000000000151e-04	3.307163000000001157e-02	-7.136203900000001425e-03	3.106115380000000134e-02	-7.522928600000000111e-03	7.550819170000000469e-02	-2.044716439999999871e-02	-1.168200786999999963e-01	8.046384308739022799e+02	8.607509376155729797e+02
6.681180000000000105e-03	1.732549999999999923e-01	-7.991499999999999992e-02	2.305549999999999906e-04	-5.402420000000000225e-04	3.049779999999999657e-04	8.097176999999999847e-02	-4.769949500000000495e-03	2.565585160000000142e-02	1.942890439999999871e-02	6.326149070000000596e-02	-4.199739389999999906e-02	-1.007542064999999987e-01	8.029144831570225733e+02	8.601678452690712220e+02
-2.142330000000000016e-03	2.030760000000000065e-01	-1.259939999999999949e-01	3.693180000000000443e-04	-3.600000000000000227e-04	3.049779999999999657e-04	1.006737600000000010e-01	1.337852049999999939e-02	1.581890639999999904e-02	-6.870472499999999601e-03	3.763414830000000322e-02	-6.413847670000000223e-02	-7.799517599999999939e-02	8.070564167367419941e+02	8.587729522149817285e+02
2.521680000000000102e-02	1.796409999999999951e-01	-1.500319999999999987e-01	6.688810000000000762e-04	-7.340969999999998529e-04	3.049779999999999657e-04	1.085151300000000013e-01	-1.035881169999999969e-02	3.505969460000000343e-02	5.472604100000000305e-03	7.246463159999999570e-02	-4.091345469999999734e-02	-1.278667490000000018e-01	8.067377382017660921e+02	8.607187208896262973e+02
3.015400000000000372e-02	2.032309999999999950e-01	1.713630000000000153e-01	3.481469999999999856e-04	-2.694400000000000224e-04	-1.289709999999999956e-04	4.108892000000000100e-01	-9.017850000000000865e-03	-8.088231500000001017e-03	7.984811700000000317e-03	2.939235780000000117e-02	2.977452879999999830e-02	1.078310497000000007e-01	8.025026302505258400e+02	8.604473861529361329e+02
1.970609999999999723e-02	1.992849999999999899e-01	1.602069999999999883e-01	4.010790000000000405e-04	-1.789740000000000113e-04	2.527330000000000077e-05	4.043201500000001558e-02	1.477602200000000020e-03	-1.354632499999999969e-02	3.175650619999999952e-02	4.620902870000000162e-02	-3.341508999999999452e-04	6.139045509999999789e-02	7.926697391645509470e+02	8.600896209309522646e+02
1.021500000000000012e-02	2.583480000000000221e-01	1.301759999999999862e-01	2.083719999999999843e-03	3.274890000000000353e-04	6.189960000000000210e-04	2.377264350000000415e-01	-1.246234650000000062e-02	8.021686300000000630e-03	3.307909829999999829e-02	7.090736109999999648e-02	4.935831949999999746e-02	1.421230199999999957e-02	7.993782939140603503e+02	8.613301548370197906e+02
3.686590000000000006e-02	1.655630000000000157e-01	7.977560000000000207e-02	1.950920000000000085e-03	7.253649999999997339e-04	7.591689999999997511e-04	2.033787499999999970e-01	-2.006612999999999973e-03	3.678565999999999867e-03	-5.213236999999999906e-04	4.312760320000000314e-02	1.363983719999999934e-02	5.097611330000000052e-02	8.009503895897347547e+02	8.606276554508348227e+02
4.502580000000000471e-02	2.380719999999999781e-01	8.158100000000000074e-02	1.475579999999999991e-03	9.263470000000002163e-04	6.539719999999999518e-04	1.215502499999999986e-01	-6.776300100000000326e-03	-3.671569500000000132e-03	-1.653233169999999974e-02	7.656685359999999829e-02	6.983525050000000123e-02	1.186364799999999921e-02	8.000886375750367279e+02	8.609861425098387144e+02
6.322959999999999692e-02	2.412630000000000052e-01	1.050279999999999964e-01	8.377110000000000979e-04	1.818839999999999953e-03	1.165260000000000644e-03	1.469243000000000077e-01	-1.519379969999999982e-02	2.176692759999999949e-02	1.682950650000000076e-02	7.328279050000000017e-02	5.190346579999999960e-02	6.586624800000000397e-03	8.010042976189720321e+02	8.613580025494245547e+02
1.092339999999999978e-02	2.412749999999999895e-01	1.049220000000000014e-01	2.033959999999999750e-04	-7.889569999999998529e-04	-1.512569999999999987e-05	2.735490850000000251e-01	-1.595981840000000249e-02	9.099550099999999253e-03	2.658370450000000287e-02	6.767772080000000745e-02	4.609522049999999899e-02	3.521923519999999724e-02	8.019479099743635970e+02	8.614554125557074258e+02
3.334340000000000220e-02	2.746069999999999900e-01	1.846919999999999951e-01	1.439599999999999973e-04	-9.985379999999999864e-04	-2.679790000000000037e-04	1.616155149999999874e-01	-4.540039800000000327e-03	-6.486541999999999872e-04	6.544307600000000280e-03	6.216893810000000131e-02	4.372841379999999750e-02	6.635557409999999490e-02	7.999640723140629461e+02	8.605569534142933890e+02
1.009660000000000071e-02	2.412349999999999772e-01	1.266690000000000038e-01	2.638879999999999915e-04	-1.109320000000000011e-03	-3.434169999999999953e-04	1.299491999999999869e-01	1.756358250000000093e-02	-1.882071579999999855e-02	8.362948999999999730e-03	6.842688400000000726e-02	2.722432799999999903e-02	7.298542330000000466e-02	7.980640915881313049e+02	8.588829373819822877e+02
3.706519999999999954e-02	2.365349999999999953e-01	1.149869999999999920e-01	4.810780000000000178e-04	-1.109320000000000011e-03	-3.434169999999999953e-04	5.421009999999999718e-02	4.973450400000000056e-03	-1.079115129999999936e-02	3.416891109999999759e-02	5.929100999999999816e-02	1.434806889999999668e-02	3.765213390000000243e-02	7.996805560121491681e+02	8.596474767604682938e+02
3.344190000000000357e-02	2.144840000000000080e-01	1.007370000000000071e-01	1.172019999999999963e-03	-1.109320000000000011e-03	1.604400000000000021e-04	9.966424999999999590e-02	-1.428460470000000003e-02	3.433837999999999496e-04	4.331557979999999669e-02	7.015176969999999124e-02	1.514698389999999915e-02	-1.375578929999999971e-02	8.014692821016097923e+02	8.611991224221720813e+02
9.650010000000000532e-03	2.152830000000000021e-01	1.342529999999999835e-01	1.088879999999999969e-03	-1.180470000000000087e-03	2.558600000000000067e-04	7.059239000000000486e-02	-1.696098819999999896e-02	-2.669157000000000127e-03	2.850799840000000154e-02	5.650097929999999685e-02	1.231810990000000057e-02	5.113245959999999923e-02	8.003799184079107363e+02	8.615014581593014782e+02
1.228939999999999894e-02	2.229480000000000073e-01	1.508760000000000101e-01	3.049460000000000040e-04	-1.786180000000000059e-03	8.615149999999998991e-05	1.048950149999999942e-01	-3.606760999999999995e-03	6.857500199999999949e-03	1.237450720000000080e-02	4.498684580000000127e-02	1.536406799999999982e-02	1.064693532999999998e-01	7.985581376009342875e+02	8.606402306115523970e+02
4.735360000000000263e-02	2.192070000000000130e-01	5.551470000000000189e-03	8.141989999999999341e-04	8.499910000000000278e-04	4.576649999999999626e-05	3.434201800000000193e-01	7.306150299999999639e-03	6.006013000000000150e-03	2.650976400000000163e-02	4.853475299999999992e-03	-5.119991690000000317e-02	6.905444799999999571e-03	8.017482506068187149e+02	8.591470537484716488e+02
4.548740000000000422e-02	1.736260000000000026e-01	7.344479999999998718e-03	7.119960000000000047e-04	8.499910000000000278e-04	1.071620000000000016e-04	5.742013500000001103e-02	6.657240400000000169e-03	-6.860726700000000823e-03	4.054468440000000284e-02	-2.937639300000000064e-02	-7.700342670000000223e-02	1.493471900000000081e-02	7.982979148919006320e+02	8.591216754785041303e+02
5.513519999999999532e-02	1.470059999999999978e-01	3.720530000000000104e-03	4.274169999999999771e-04	8.499910000000000278e-04	-8.799479999999999986e-05	6.387854000000001142e-02	4.635918000000000157e-04	-6.888959699999999860e-03	3.254322529999999908e-02	-8.596441960000000826e-02	-1.221428793000000068e-01	-4.774812000000000999e-04	7.997993533358383047e+02	8.593074155411864012e+02
4.766730000000000272e-02	1.169769999999999976e-01	-6.633439999999999996e-03	5.839099999999999846e-04	8.499910000000000278e-04	4.339680000000000436e-05	6.224510000000000459e-02	-1.664478200000000033e-02	-1.157356420000000066e-02	4.860309430000000347e-02	-1.628932114999999958e-01	-1.453918814000000059e-01	-5.915647199999999641e-03	8.027776055683834784e+02	8.602705360830271957e+02
8.449039999999999329e-02	1.547789999999999999e-01	3.185589999999999949e-02	-3.352810000000000176e-05	1.087550000000000062e-03	2.586520000000000030e-04	1.666270549999999961e-01	-1.252619070000000022e-02	-1.640340649999999859e-02	4.714580559999998616e-02	-1.475979632000000152e-01	-1.353480981000000083e-01	7.759212300000000243e-03	8.037999724520843756e+02	8.599840807603384292e+02
2.739200000000000315e-02	1.198670000000000013e-01	3.056369999999999920e-02	2.454550000000000072e-05	9.884489999999999683e-04	1.574009999999999927e-04	1.062238800000000066e-01	7.301309200000001554e-03	-2.792820060000000132e-02	3.349490969999999873e-02	-1.664173226000000005e-01	-1.445317960999999984e-01	4.840582179999999846e-02	7.979569410608822864e+02	8.587086707287762692e+02
7.072970000000000645e-02	1.806149999999999978e-01	8.253260000000000110e-03	5.256970000000000593e-05	8.499910000000000278e-04	5.912059999999999364e-04	1.564104999999999801e-01	8.149235600000000537e-03	-3.489074680000000400e-02	1.821630249999999993e-02	-1.695493996999999919e-01	-1.392235032999999955e-01	6.290651599999999566e-02	8.024679117049470278e+02	8.585165860986021471e+02
5.634780000000000344e-02	8.684419999999996864e-02	-3.010370000000000407e-02	5.049040000000000299e-04	9.192529999999999755e-04	4.869990000000000039e-04	1.777998250000000224e-01	-1.324074989999999945e-02	-2.325858490000000389e-02	3.654593720000000323e-02	-1.627701510000000018e-01	-1.378018044000000053e-01	6.354628600000000391e-03	8.043417148693562240e+02	8.602769566333630564e+02
8.953759999999998109e-02	1.485910000000000009e-01	-2.721269999999999939e-02	1.320350000000000083e-03	6.337110000000000182e-04	7.260169999999999168e-04	1.648278999999999439e-01	-1.875331649999999878e-02	-8.003850800000000126e-03	3.406933259999999491e-02	-1.240215340999999971e-01	-1.220668503000000016e-01	-2.928666999999999924e-04	8.030953967283925294e+02	8.609838250330901701e+02
9.830900000000000749e-02	1.689999999999999836e-01	-5.407909999999999107e-02	2.439760000000000019e-03	1.204140000000000028e-04	1.766930000000000106e-03	1.897277999999999742e-01	-1.128082380000000086e-02	5.388379599999999769e-03	4.304605490000000534e-02	-1.578589075000000064e-01	-1.147785001999999943e-01	9.650737000000000161e-04	8.017750936995662414e+02	8.604128899416627974e+02
2.000399999999999748e-02	1.271069999999999978e-01	1.640630000000000144e-01	-5.166629999999999964e-04	6.503340000000000249e-04	-5.729780000000000290e-04	6.296526499999999249e-01	-2.180350920000000137e-02	-1.028895070000000050e-02	1.484551999999999877e-04	-1.405433380999999982e-01	-5.823182789999999803e-02	1.686713297999999916e-01	8.057021716154331443e+02	8.614472823913768025e+02
8.801109999999998101e-02	1.710640000000000216e-01	1.400740000000000041e-01	-1.409029999999999918e-03	4.003340000000000197e-04	-4.543240000000000364e-04	1.990041499999999908e-01	1.760040029999999922e-02	-2.032111179999999961e-02	1.755622050000000059e-02	-1.191582567000000065e-01	-9.345287060000000146e-02	1.502601638999999933e-01	7.976372642290685917e+02	8.583422814539741239e+02
2.473090000000000357e-02	2.250439999999999940e-01	1.821579999999999866e-01	-9.408519999999999427e-04	5.637770000000000064e-04	-4.684390000000000190e-04	1.916309999999999958e-01	1.173074990000000026e-02	1.931758849999999986e-02	5.142986980000001374e-02	-3.938797079999999812e-02	-3.781731690000000173e-02	8.906349849999999069e-02	7.999449937522751952e+02	8.592604581434617330e+02
5.226709999999999690e-02	2.378019999999999856e-01	1.240300000000000014e-01	-7.742200000000000514e-04	5.312769999999999212e-04	-3.565359999999999623e-04	1.139739500000000044e-01	1.465865399999999666e-02	6.537827999999999435e-04	3.924226050000000077e-02	-4.218356160000000243e-02	-4.293833939999999738e-02	5.417141860000000003e-02	7.957481538464810455e+02	8.592226566784651141e+02
4.664880000000000415e-02	1.854010000000000102e-01	1.583209999999999618e-01	-1.161429999999999971e-03	7.616349999999999813e-04	-6.083020000000000180e-04	1.357769999999999810e-01	-1.166955289999999958e-02	-1.435172470000000040e-02	2.408759099999999848e-02	-2.942543109999999976e-02	-3.640054709999999971e-02	7.498372920000000164e-02	8.007743565806827064e+02	8.614022245647573754e+02
4.762530000000000235e-02	2.084809999999999997e-01	8.646950000000000469e-02	7.332870000000000013e-04	-6.212019999999999521e-04	2.707669999999999912e-04	3.037391500000000133e-01	-2.153379580000000168e-02	5.186053000000000364e-03	3.847274440000000156e-02	-1.213957319999999993e-02	-4.241879540000000059e-02	7.939592900000000397e-03	8.012486585004728568e+02	8.620952260954154553e+02
4.819549999999999529e-02	1.263720000000000121e-01	3.050360000000000293e-01	-1.434570000000000029e-03	-9.683510000000002159e-04	-2.803039999999999915e-04	4.545495499999999134e-01	-6.085567099999999660e-03	-3.094614860000000078e-02	-1.218262172999999976e-01	2.989018699999999862e-02	8.131956669999999832e-02	2.244756551000000044e-01	8.046923389031392162e+02	8.615674872509238185e+02
8.076010000000001521e-02	3.135760000000000214e-01	2.495030000000000303e-01	1.391840000000000525e-03	1.185939999999999911e-03	1.152569999999999897e-03	5.959803499999999365e-01	3.813042419999999877e-02	1.529569920000000034e-02	-4.050102779999999875e-02	5.118867380000000078e-02	8.282699309999999593e-02	6.920661499999999910e-02	7.910059111016765883e+02	8.584338407812525702e+02
2.101680000000000215e-02	2.629650000000000043e-01	6.656560000000000255e-02	3.044900000000000124e-03	6.917189999999999277e-04	1.241230000000000068e-03	4.050887500000001085e-01	-2.204826589999999906e-02	5.433598629999999985e-02	7.043408849999999166e-02	2.106514660000000094e-02	2.745637540000000001e-02	-1.580331313000000182e-01	8.034241691536165035e+02	8.624981631182847650e+02
1.115650000000000114e-01	1.060789999999999927e-01	1.582280000000000075e-01	-2.128609999999999964e-03	-1.849240000000000042e-03	-1.307159999999999919e-03	8.522395499999999569e-01	-2.810118049999999965e-02	9.691888699999999870e-03	-1.531704302999999934e-01	8.521555300000001332e-02	8.124826459999999473e-02	1.337879248999999937e-01	7.954435623891042724e+02	8.646702466944217349e+02
-1.201170000000000015e-01	3.781930000000000014e-01	-7.941689999999999861e-02	-1.898680000000000029e-03	1.925709999999999965e-03	-1.283639999999999955e-03	9.428609000000000018e-01	8.755333800000000832e-03	9.405330439999999570e-02	-2.982106660000000131e-02	8.025448849999999856e-02	3.138737600000000155e-02	-1.834703661000000041e-01	7.981496123505630749e+02	8.607589538056378160e+02
7.684830000000000827e-02	1.830309999999999993e-01	2.095719999999999805e-01	1.367790000000000021e-03	-3.320019999999999699e-04	4.944240000000000353e-04	1.046228500000000006e+00	9.333036799999999689e-03	9.756904699999999209e-03	-4.767061890000000302e-02	7.585733179999999687e-02	1.161614210000000008e-01	3.993340489999999687e-02	7.928119410029911478e+02	8.608391916891278015e+02
-3.637239999999999918e-02	2.665460000000000051e-01	2.257739999999999747e-01	1.401780000000000040e-03	-1.954759999999999831e-04	7.163620000000000100e-04	2.325603999999999727e-01	1.176388840000000026e-02	1.714416929999999784e-02	-3.202284539999999957e-02	5.409338760000000079e-02	8.117126830000000182e-02	1.597479710000000025e-02	7.939067398683625925e+02	8.610431296429997019e+02
-1.292179999999999891e-02	3.902889999999999970e-01	1.240920000000000079e-01	1.096959999999999906e-03	1.438979999999999968e-04	4.516409999999999674e-04	2.943213499999999816e-01	2.515635139999999881e-02	-1.954994170000000017e-02	-2.622386059999999922e-02	4.761674579999999879e-02	1.023238555000000050e-01	2.308552250000000042e-02	7.952253790691260065e+02	8.598633820123036458e+02
2.759549999999999850e-02	1.344519999999999882e-01	1.276220000000000132e-01	1.924270000000000060e-03	1.075360000000000085e-04	4.365919999999999697e-04	3.438203499999999968e-01	-8.572280000000000535e-05	1.863921949999999828e-02	-1.889891809999999853e-02	5.871408349999998610e-02	5.535860260000000088e-02	-4.592112160000000332e-02	8.016203576897189578e+02	8.613312185968388803e+02
-1.567500000000000143e-02	2.419739999999999669e-01	1.557949999999999613e-01	1.272310000000000021e-03	2.182350000000000002e-04	-2.937229999999999659e-04	2.536142000000000118e-01	6.220457800000000689e-03	1.076795430000000026e-02	-1.499527510000000022e-02	7.688487299999999247e-02	7.812819900000000928e-02	-4.227676310000000326e-02	7.961134195672174201e+02	8.613289011200902223e+02
5.300570000000000281e-02	2.817179999999999684e-01	1.958670000000000133e-01	9.313980000000000566e-04	1.619720000000000139e-05	-4.624529999999999581e-05	1.880180750000000622e-01	8.417855000000000129e-04	-9.582313699999999226e-03	-3.038781899999999994e-02	7.716719880000000309e-02	1.107414907000000004e-01	-1.431407229999999940e-02	7.962968843416171012e+02	8.619784404638578508e+02
7.771980000000000381e-03	2.586130000000000373e-01	1.745359999999999967e-01	1.417660000000000057e-03	3.323480000000000509e-04	-1.265120000000000112e-04	1.338036950000000835e-01	-7.424421100000000093e-03	1.688841079999999981e-02	-2.925885129999999945e-02	6.774597620000000209e-02	1.010183686999999997e-01	-4.966382300000000277e-02	8.032738700186034748e+02	8.621454887468632933e+02
2.824590000000000087e-02	2.447079999999999811e-01	1.239259999999999945e-01	2.047380000000000120e-03	8.805519999999999407e-04	2.087990000000000180e-04	1.606506699999999399e-01	-7.376733199999998235e-03	1.658369550000000220e-02	-3.524976369999999887e-02	7.549880070000000720e-02	9.971870300000000575e-02	-7.511809519999999851e-02	8.046753678568979922e+02	8.624682258776641675e+02
-6.318310000000000592e-02	1.834049999999999847e-01	-1.497930000000000095e-01	4.140200000000000130e-03	1.311630000000000044e-03	6.188860000000000238e-05	5.599914200000000175e-01	-3.668116910000000092e-02	2.826567100000000349e-03	-2.100753279999999917e-02	-2.508707740000000116e-02	-3.100427879999999997e-02	-2.503445771999999736e-01	8.129976139836537641e+02	8.640922831899044922e+02
8.520750000000000546e-02	2.157479999999999953e-01	1.015399999999999914e-01	-1.410739999999999954e-03	3.030870000000000002e-05	1.582359999999999941e-04	7.784970350000000039e-01	-3.473996780000000034e-02	-1.944062380000000090e-02	-1.488513950000000009e-02	6.087770000000000160e-03	1.386629420000000043e-02	7.535505799999999907e-03	8.032824110026596145e+02	8.646075228565226780e+02
4.128399999999999431e-02	1.939249999999999863e-01	1.320569999999999800e-01	-1.288370000000000053e-03	-3.751699999999999740e-04	2.781799999999999963e-04	1.286531350000000573e-01	-3.805870819999999932e-02	-9.917419900000000108e-03	-8.919795500000000932e-03	-6.633810100000000001e-03	1.208705210000000051e-02	-2.406375870000000000e-02	8.005722569319789272e+02	8.646691829346027589e+02
1.557589999999999843e-02	2.351650000000000129e-01	9.831879999999999786e-02	-1.456739999999999988e-03	5.969479999999999638e-05	4.092859999999999706e-04	1.374033400000000127e-01	-3.914821410000000196e-02	5.833494399999999101e-03	-3.404058699999999976e-03	-6.057707499999999586e-03	9.652995899999999158e-03	-4.916211280000000461e-02	8.066578744547479118e+02	8.644776301843381816e+02
2.993299999999999780e-02	2.586650000000000338e-01	1.125069999999999959e-01	-1.556220000000000086e-03	-1.021510000000000050e-04	2.544399999999999830e-04	7.285388999999997672e-02	-2.315795480000000170e-02	-2.711559699999999910e-03	3.489516299999999901e-03	-6.081046600000000746e-03	1.427075629999999956e-02	-3.790304650000000247e-02	8.036016441469897700e+02	8.630871441352132933e+02
1.797770000000000271e-02	2.180260000000000253e-01	1.148950000000000110e-01	7.656269999999997357e-04	-3.751699999999999740e-04	-3.851500000000000106e-04	2.167050999999999839e-01	-4.153097399999999828e-03	-2.468539549999999860e-02	-4.423362800000000400e-03	9.484004799999999277e-03	4.556522670000000275e-02	-2.824684839999999988e-02	7.973183638503508064e+02	8.620229664105675056e+02
2.277440000000000367e-02	2.668559999999999821e-01	1.159630000000000105e-01	2.968090000000000376e-04	-3.751699999999999740e-04	-3.851500000000000106e-04	7.813559999999998562e-02	1.668984649999999750e-02	-2.379450660000000106e-02	6.709497999999999504e-04	4.336797899999999747e-03	3.953221450000000275e-02	-2.974359229999999979e-02	7.964428575236667029e+02	8.602233127453476982e+02
2.234950000000000131e-02	2.413880000000000192e-01	9.633569999999999633e-02	4.750559999999999592e-04	-4.036040000000000070e-04	-3.851500000000000106e-04	5.585425000000000112e-02	3.446948370000000456e-02	-2.530806879999999981e-02	9.496200499999999517e-03	5.060238300000000425e-03	4.207555300000000512e-03	-2.596657089999999946e-02	7.963460227304072987e+02	8.586855719441352903e+02
2.821890000000000162e-02	1.915670000000000150e-01	1.144960000000000006e-01	6.178819999999999365e-04	-3.542719999999999854e-04	-3.851500000000000106e-04	8.345860000000000778e-02	2.071502539999999989e-02	-8.888616900000000098e-03	2.556539299999999876e-02	-4.239686460000000046e-02	-5.333857410000000104e-02	-8.098984879999999997e-02	7.972084402763305206e+02	8.595669729370230243e+02
1.775830000000000117e-02	2.067980000000000096e-01	1.365750000000000020e-01	2.887370000000000106e-04	-8.534939999999998890e-04	-7.936710000000000249e-04	1.096150000000000319e-01	8.527928900000000464e-03	-1.109282330000000046e-02	2.841348189999999899e-02	-2.188183529999999932e-02	-3.555516239999999967e-02	-7.611487259999999422e-02	7.970949672024424899e+02	8.608372161351786644e+02
4.983169999999999267e-02	1.794030000000000069e-01	1.569500000000000062e-01	7.203189999999999723e-05	-8.534939999999998890e-04	-4.844849999999999938e-04	1.061379550000000060e-01	8.042444899999999161e-03	-1.274906729999999988e-02	2.449614030000000012e-02	-1.856093420000000035e-02	-3.831145209999999718e-02	-5.592389870000000207e-02	7.988534116211588980e+02	8.608958368994900638e+02
-3.659089999999999825e-03	1.902319999999999844e-01	1.569829999999999837e-01	-4.862870000000000080e-06	-6.697060000000000556e-04	-5.687949999999999777e-04	8.160242849999999049e-02	2.155224019999999949e-02	-1.407120440000000049e-02	1.749605179999999885e-02	-3.588262310000000371e-02	-4.775863319999999745e-02	-2.012087090000000064e-02	7.992056994830048779e+02	8.599297910181472844e+02
3.594660000000000216e-02	1.918349999999999778e-01	1.356580000000000008e-01	-4.583340000000000200e-04	-1.720840000000000011e-04	-3.954880000000000461e-04	1.187536965000000055e-01	3.421723839999999545e-02	-2.976364999999999914e-02	-1.262648570000000046e-02	-9.893835920000000617e-02	-6.369148889999999563e-02	-7.356433100000000364e-03	7.993154012132837352e+02	8.586794553251758089e+02
2.993590000000000487e-02	2.119429999999999925e-01	1.466000000000000081e-01	-5.202100000000000083e-04	-7.538430000000000261e-04	-4.383569999999999502e-04	7.138589999999998825e-02	2.866863840000000163e-02	-2.455759769999999939e-02	1.109100309999999992e-02	-4.685459650000000503e-02	-5.171561230000000509e-02	-3.982635930000000268e-02	8.006836224903207722e+02	8.592628516030546280e+02
3.600140000000000284e-02	1.650820000000000065e-01	1.388480000000000547e-01	-4.137090000000000060e-04	-7.538430000000000261e-04	-4.851080000000000452e-04	6.834109999999998797e-02	2.186024240000000382e-02	-1.590405070000000184e-02	-4.019977299999999767e-03	-4.139228159999999712e-02	-3.618033720000000258e-02	-2.899296750000000117e-02	7.987323958600525202e+02	8.602061026311328078e+02
2.930269999999999750e-02	1.894799999999999818e-01	1.132210000000000022e-01	-6.575639999999999133e-04	-8.773810000000001027e-04	-7.936710000000000249e-04	9.052150000000000474e-02	1.383851460000000075e-02	-3.408596040000000382e-02	-1.076067049999999969e-02	-1.146107260000000030e-02	-4.255022940000001419e-02	-3.124800039999999987e-02	7.964714753663478177e+02	8.612562235295993105e+02
4.535240000000000105e-02	2.806219999999999826e-01	1.079099999999999920e-01	-2.990379999999999989e-05	-9.241680000000000597e-04	-3.552340000000000077e-04	1.681469099999999828e-01	1.531831300000000094e-03	-1.127346750000000029e-02	-1.102635520000000077e-02	6.169018119999999938e-02	5.210071449999999910e-02	-2.934447509999999967e-02	8.009315328716890008e+02	8.623112833129392811e+02
1.373410000000000082e-02	1.896069999999999978e-01	1.188990000000000047e-01	9.726770000000001064e-05	-1.072870000000000074e-03	-1.736549999999999628e-04	1.564949249999999792e-01	7.622483799999999615e-03	7.300669000000000082e-03	-5.817610300000000505e-03	3.434289520000000095e-02	1.936205300000000060e-02	-1.407213149999999961e-02	8.012973532017796288e+02	8.614318578740010253e+02
1.900459999999999997e-02	2.696290000000000076e-01	1.630930000000000157e-01	-4.275700000000000008e-04	-1.178430000000000059e-03	-2.804489999999999978e-04	1.663460850000000046e-01	1.682486709999999816e-02	1.118334600000000026e-02	1.029005599999999925e-03	4.566317930000000219e-02	1.394624050000000011e-02	-2.160608599999999831e-03	8.012414485788669936e+02	8.606564909402142121e+02
7.588130000000000222e-03	2.278610000000000080e-01	1.329779999999999851e-01	-1.196400000000000539e-04	-1.248350000000000067e-03	-1.348839999999999913e-04	1.094702199999999653e-01	4.836434200000000461e-02	-1.456446850000000029e-02	2.902145599999999843e-03	1.684469149999999818e-02	2.187357000000000017e-03	2.687539450000000357e-02	7.966623719060951316e+02	8.583341512896432732e+02
5.720109999999999778e-02	2.886150000000000104e-01	1.487499999999999933e-01	-1.028149999999999973e-04	-9.600310000000000787e-04	2.015609999999999765e-04	1.582184199999999985e-01	3.850712049999999859e-02	1.564161799999999949e-02	2.424892860000000053e-02	6.191220079999999737e-02	3.129272479999999773e-02	-5.388375400000000072e-03	7.942151026693487665e+02	8.594619266548965015e+02
7.342500000000000068e-03	2.651860000000000328e-01	1.301190000000000124e-01	5.263690000000000556e-04	-1.237229999999999970e-03	2.004899999999999998e-04	1.372913000000000605e-01	2.779931409999999992e-02	1.348768560000000033e-02	4.542417200000000051e-03	6.218429699999999949e-02	6.383134980000000624e-02	-2.330529300000000123e-03	7.974418198926163086e+02	8.606165239641575226e+02
8.776929999999998067e-02	2.507139999999999924e-01	1.327460000000000029e-01	1.155369999999999965e-03	-6.895569999999999304e-04	8.612919999999999387e-04	1.893996000000000013e-01	2.366144999999999891e-04	1.079739090000000033e-02	-1.815432560000000001e-02	8.407759509999999936e-02	7.567156790000000022e-02	6.162043199999999062e-03	8.000205315463298348e+02	8.631155997103714981e+02
-1.816640000000000268e-02	2.329510000000000192e-01	6.651039999999999730e-02	1.120920000000000076e-03	-6.314550000000000046e-05	9.275089999999999724e-04	2.262882250000000095e-01	-1.632663780000000175e-02	1.854577220000000123e-02	-1.496114370000000034e-02	5.286617569999999683e-02	5.870602269999998513e-02	-2.152156529999999998e-02	8.058110968926159785e+02	8.644714755739568091e+02
2.900310000000000041e-02	1.682519999999999849e-01	1.444789999999999963e-01	2.178540000000000186e-04	-2.462580000000000129e-04	3.414559999999999644e-04	2.734486749999999744e-01	-1.190447130000000034e-02	-1.348302969999999948e-02	-5.515845369999999859e-02	-1.643256250000000099e-02	1.819501479999999921e-02	9.059927939999999624e-02	8.008760719362597911e+02	8.639702167506736714e+02
5.140689999999999843e-02	2.903129999999999877e-01	1.044890000000000124e-01	6.115769999999999757e-04	-2.199070000000000072e-04	5.785529999999999883e-04	2.173133499999999885e-01	-9.119353599999999518e-03	2.982045800000000281e-03	-2.720185100000000258e-02	1.662020780000000170e-02	2.290165720000000155e-02	1.822078519999999896e-02	8.100216911103967732e+02	8.636738836582372869e+02
3.894949999999999801e-02	2.074679999999999858e-01	3.081090000000000217e-02	1.386309999999999973e-03	-4.911949999999999617e-05	1.028679999999999916e-03	2.387628750000000133e-01	2.850608999999999934e-04	1.435906950000000008e-02	-1.159105919999999998e-02	2.859481890000000609e-02	1.915528500000000063e-03	-7.147294700000000021e-03	8.064315938381971591e+02	8.628318037872306832e+02
1.994220000000000020e-02	1.747579999999999967e-01	7.775510000000000754e-02	1.486450000000000054e-03	1.744770000000000034e-04	1.045310000000000033e-03	1.156798250000000555e-01	2.633703189999999847e-02	2.877774300000000146e-03	-1.472331680000000045e-02	1.963437650000000173e-02	-7.006694499999999680e-03	3.212403300000000322e-02	7.974696612822017414e+02	8.608168527329290782e+02
4.110690000000000177e-02	2.270510000000000306e-01	6.915440000000000476e-02	1.633200000000000016e-03	3.658849999999999841e-04	1.233259999999999912e-03	1.083637999999999962e-01	2.693741820000000037e-02	1.253317410000000069e-02	5.996361400000000536e-03	4.273360690000000545e-02	1.172857270000000028e-02	-4.703167500000000022e-03	8.017423717476630145e+02	8.606622656363746273e+02
-1.030419999999999947e-02	1.833170000000000077e-01	2.542209999999999609e-02	2.759939999999999789e-03	1.623080000000000052e-03	1.374970000000000532e-03	2.651596500000000245e-01	1.634084740000000049e-02	-4.161203300000000140e-03	7.039227200000000399e-03	-1.840400600000000053e-03	-1.879463950000000161e-02	-1.499908749999999923e-02	8.007181191921575873e+02	8.615981463285643258e+02
7.974720000000000419e-02	2.287619999999999931e-01	8.162869999999999848e-02	-5.747739999999999962e-05	-7.629180000000000163e-04	4.272030000000000228e-04	4.992621199999999759e-01	-9.651361699999999599e-03	-1.102649410000000087e-02	-9.209363800000000197e-03	4.211357329999999843e-02	3.777049000000000096e-04	2.696658030000000095e-02	8.014141539317934075e+02	8.638233039213852180e+02
2.221570000000000142e-02	1.837840000000000029e-01	7.761260000000000381e-02	5.225460000000000348e-04	-7.849919999999999815e-04	4.272030000000000228e-04	1.366304699999999761e-01	-2.588487600000000197e-03	2.055824339999999875e-02	1.832510379999999911e-02	3.810541540000000199e-02	9.677461099999999650e-03	1.197365000000000012e-04	8.028605751277855234e+02	8.630352478526147024e+02
4.386819999999999609e-02	2.277480000000000060e-01	8.809939999999999438e-02	2.471279999999999961e-04	-1.127200000000000077e-03	3.574469999999999948e-04	1.104723999999999984e-01	7.081534999999999913e-03	1.349309459999999995e-02	5.987151500000000189e-03	5.696539350000000279e-02	1.220277820000000013e-02	3.401543970000000389e-02	7.984540928860690201e+02	8.626065526455568033e+02
4.918399999999999855e-02	2.266920000000000046e-01	7.896079999999996990e-02	2.353149999999999925e-04	-7.849919999999999815e-04	5.759720000000000074e-04	4.413769999999999499e-02	4.272197499999999884e-03	3.204166100000000079e-03	2.695503479999999952e-02	4.887009440000000121e-02	1.763059830000000133e-02	2.012662559999999976e-02	8.012395629070626910e+02	8.627155120441602776e+02
4.390460000000000196e-02	2.330550000000000122e-01	1.329789999999999861e-01	-4.714269999999999572e-04	-7.849919999999999815e-04	6.715639999999999284e-04	1.057773000000000185e-01	1.152909969999999992e-02	1.771105800000000174e-02	1.483987039999999993e-02	4.787524289999999655e-02	1.429995939999999938e-02	6.444352600000000098e-02	8.011747845344812049e+02	8.621222000051117220e+02
3.994719999999999521e-02	2.374260000000000259e-01	1.108589999999999992e-01	-2.297340000000000268e-06	-7.849919999999999815e-04	7.874750000000000456e-04	5.970043299999999720e-02	3.069580980000000126e-02	1.295416590000000000e-02	2.529780189999999984e-02	3.512757470000000409e-02	-1.446270510000000065e-02	4.870409130000000197e-02	8.025745076228419066e+02	8.603317782554638598e+02
5.211849999999999122e-02	2.244559999999999889e-01	1.123709999999999987e-01	-4.243919999999999442e-04	-5.155879999999999838e-04	9.146100000000000540e-04	6.758498300000000125e-02	2.674651100000000059e-02	7.807320500000000142e-03	1.683131200000000105e-02	2.744204579999999852e-02	-9.266479999999999682e-04	5.782517849999999765e-02	7.974161969404480033e+02	8.609438960484558265e+02
4.549020000000000147e-02	2.420710000000000084e-01	1.240319999999999895e-01	1.409600000000000056e-04	-7.849919999999999815e-04	7.346180000000000331e-04	8.664170000000002980e-02	1.015681090000000036e-02	-6.067540000000000390e-04	1.904077640000000071e-02	3.954392379999999846e-02	1.116937500000000048e-02	5.751488920000000227e-02	7.989696577418184233e+02	8.624670861350010682e+02
4.994570000000000259e-02	2.364600000000000035e-01	1.092049999999999965e-01	-4.090859999999999657e-04	-7.849919999999999815e-04	9.539760000000000427e-04	6.336370000000000891e-02	1.109706159999999942e-02	1.472852380000000058e-02	3.843676800000000136e-03	3.747062229999999911e-02	1.836678480000000085e-02	5.383473829999999710e-02	8.000576903730673166e+02	8.622500791319243945e+02
4.192450000000000343e-02	2.517789999999999750e-01	1.369440000000000102e-01	-1.113879999999999981e-04	-7.849919999999999815e-04	9.198080000000000405e-04	6.767249999999996879e-02	2.000563270000000130e-02	9.343006299999999723e-03	2.307214470000000170e-02	3.716698110000000305e-02	1.556728379999999974e-02	7.328733760000000208e-02	7.981270952107788617e+02	8.617007231682539441e+02
-8.383820000000000161e-02	8.031900000000000150e-02	-1.615670000000000162e-01	2.857249999999999981e-03	-2.226720000000000175e-03	-8.812119999999999242e-04	9.063029999999996367e-01	-5.725619319999999957e-02	5.623506699999999969e-02	4.389885570000000292e-02	-1.227073786999999944e-01	-1.225293280000000068e-01	-1.983505882000000109e-01	8.188099200166280980e+02	8.666747121162218264e+02
7.941589999999996985e-02	1.102199999999999985e-01	3.325679999999999747e-01	-8.407539999999999805e-04	-8.429800000000000097e-04	1.636069999999999940e-04	9.936182500000000362e-01	-7.292001110000000119e-02	-6.831250040000000356e-02	-2.793140179999999834e-02	-1.334640142999999890e-01	8.067459499999998784e-03	2.094235935000000048e-01	8.109695184968808235e+02	8.689946203157782065e+02
4.718759999999999621e-02	1.117660000000000042e-01	-2.870239999999999944e-02	-1.156639999999999958e-04	6.980360000000000774e-04	5.481909999999999561e-04	5.275791999999999149e-01	-5.058681970000000055e-02	-1.618366220000000064e-02	-3.292031120000000338e-02	-2.746961890000000281e-02	-6.394890050000000270e-02	-2.851120559999999887e-02	8.017928411989036022e+02	8.677310636079138249e+02
3.236209999999999781e-02	-2.090250000000000094e-02	-3.046470000000000081e-02	1.675520000000000113e-04	1.920020000000000092e-04	5.476800000000000418e-04	1.887443500000000052e-01	-5.632932000000000217e-02	-9.169878500000000834e-03	3.693182000000000040e-04	-2.145311789999999885e-01	-6.775374049999999260e-02	-8.416777420000000343e-02	8.071836441226164425e+02	8.672296528189422133e+02
8.714550000000000074e-02	7.223339999999998928e-02	5.086849999999999705e-02	-6.279589999999999825e-04	8.201729999999999958e-04	1.478979999999999965e-03	3.470015999999999656e-01	-5.432166249999999946e-02	-1.513215000000000046e-03	1.118158189999999934e-02	-1.825817458000000004e-01	-9.373354670000000333e-02	-5.083635370000000320e-02	8.066433436896656985e+02	8.667865968543277404e+02
